<?xml version="1.0" encoding="UTF-8"?>

<!--
Copyright (c) 2007-2010 Bruker BioSpin MRI GmbH. All Rights Reserved.
$Id$
Description: Layout of parameter card for the MTC module.
-->

<parameterCard displayName="Sat Transfer"
    xmlns="http://www.bruker.de/mri/generated/xsd/card">
    <column>
        <parameter name="PVM_SatTransOnOff"/>
        <textLine text=""/>
        <parameter name="PVM_SatTransType"/>
        <textLine text=""/>
        <textLine text=""/>
        <parameter name="PVM_SatTransPulseEnum" displayName="Pulse Shape">
            <parameterCard displayName="Pulse Details">
                <column>
                    <parameter name="PVM_SatTransPulse"/>
                </column>
            </parameterCard>
        </parameter>
        <parameter name="PVM_SatTransPulseAmpl_uT"/>
	<parameter name="PVM_SatTransPulse.Length" displayName="First Saturation Duration"/>
	<parameter name="PVM_SatTransPulseLength2" displayName="Second Saturation Duration"/>
        <parameter name="PVM_SatTransNPulses"/>
        <parameter name="PVM_SatTransInterPulseDelay"/>
        <parameter name="PVM_SatTransSpoil.automatic" displayName="Spoiler">
            <parameterCard displayName="Spoiler Details">
                <column>
                    <parameter name="PVM_SatTransSpoil"/>
                </column>
            </parameterCard>
        </parameter>
        <textLine text=""/>
       <parameter name="PVM_SatTransRefScan"/>
    </column>
    <column>
        <parameter name="PVM_SatTransModuleTime" displayName="Module Duration"/>
        <textLine text=""/>
        <parameter name="PVM_SatTransFreqInput"/>
        <parameter name="PVM_SatTransFreqUnit"/>
	<parameter name="PVM_MacroInput"/>
        <textLine text=""/>
	<parameter name="PVM_NSatFreq" displayName="Number of Offsets"/>
	<parameter name="PVM_SatTransFreqValues" displayName="Offsets"/>
        <parameter name="PVM_SatTransFreqRanges" displayName="Ranges"/>
        <textLine text=""/>
        <textLine text=""/>
        <parameter name="PVM_SatTransModuleMeanRFPower"
		   displayName="Mean RF Power"/>
    </column>
</parameterCard>
